REGIÃO ;PAÍS;CONSUMO DE PETRÓLEO em mil barris por dia;ANO
América do Norte;Canadá;2208,566905;2009
América do Norte;Estados Unidos;18771,39726;2009
América do Norte;México;2021,321154;2009
Américas Central e do Sul;Argentina;532,222891;2009
Américas Central e do Sul;Brasil;2497,932512;2009
Américas Central e do Sul;Chile;383,491738;2009
Américas Central e do Sul;Colômbia;229,999151;2009
Américas Central e do Sul;Equador;190,666616;2009
Américas Central e do Sul;Peru;182,205068;2009
Américas Central e do Sul;Trinidad e Tobago;43,523181;2009
Américas Central e do Sul;Venezuela;726,232329;2009
Américas Central e do Sul;Outros;1229,440868;2009
Europa e Eurásia;Alemanha;2408,755534;2009
Europa e Eurásia;Áustria;262,471893;2009
Europa e Eurásia;Azerbaijão;72,564107;2009
Europa e Eurásia;Bélgica;677,549904;2009
Europa e Eurásia;Bielorrússia;181,888356;2009
Europa e Eurásia;Bulgária;96,621625;2009
Europa e Eurásia;Cazaquistão;198,13571;2009
Europa e Eurásia;Chipre;57,421562;2009
Europa e Eurásia;Croácia;88,935458;2009
Europa e Eurásia;Dinamarca;169,363648;2009
Europa e Eurásia;Eslováquia;78,568493;2009
Europa e Eurásia;Eslovênia;54,755023;2009
Europa e Eurásia;Espanha;1473,700746;2009
Europa e Eurásia;Estônia;26,708316;2009
Europa e Eurásia;Finlândia ;213,152538;2009
Europa e Eurásia;França;1822,304373;2009
Europa e Eurásia;Grécia ;418,589608;2009
Europa e Eurásia;Holanda;945,243605;2009
Europa e Eurásia;Hungria;153,543041;2009
Europa e Eurásia;Islândia;15,181644;2009
Europa e Eurásia;Irlanda;166,383929;2009
Europa e Eurásia;Itália;1562,796427;2009
Europa e Eurásia;Letônia;31,638602;2009
Europa e Eurásia;Lituânia;53,638266;2009
Europa e Eurásia;Luxemburgo;57,358362;2009
Europa e Eurásia;Macedônia;19,579904;2009
Europa e Eurásia;Noruega;221,727004;2009
Europa e Eurásia;Polônia;566,623568;2009
Europa e Eurásia;Portugal;273,759371;2009
Europa e Eurásia;Reino Unido;1669,2828;2009
Europa e Eurásia;República Tcheca;204,361808;2009
Europa e Eurásia;Romênia;195,318438;2009
Europa e Eurásia;Rússia;2774,650169;2009
Europa e Eurásia;Suécia;324,842827;2009
Europa e Eurásia;Suíça;259,829181;2009
Europa e Eurásia;Turcomenistão;106,229452;2009
Europa e Eurásia;Turquia;709,163863;2009
Europa e Eurásia;Ucrânia;282,373173;2009
Europa e Eurásia;Uzbequistão;88,737288;2009
Europa e Eurásia;Outros;378,435034;2009
Oriente Médio;Arábia Saudita;2913,554646;2009
Oriente Médio;Catar;173,073879;2009
Oriente Médio;Coveite;454,974568;2009
Oriente Médio;Emirados Árabes Unidos;605,550247;2009
Oriente Médio;Irã;1919,022841;2009
Oriente Médio;Iraque;535,777186;2009
Oriente Médio;Israel;232,302067;2009
Oriente Médio;Omã;118,998082;2009
Oriente Médio;Outros;774,07538;2009
África;África do Sul;506,508642;2009
África;África Central;181,553468;2009
África;África Ocidental;512,074246;2009
África;África Oriental;404,134438;2009
África;Argélia;326,525041;2009
África;Egito;724,657831;2009
África;Marrocos;234,497441;2009
África;Outros Norte da África;386,908438;2009
África;Outros Sul da África;45,416601;2009
Ásia-Pacífico;Austrália;950,237796;2009
Ásia-Pacífico;Bangladesh;72,344947;2009
Ásia-Pacífico;China;8295,047625;2009
Ásia-Pacífico;Cingapura;1049,2466;2009
Ásia-Pacífico;Coreia do Sul;2344,553497;2009
Ásia-Pacífico;Hong Kong;331,593213;2009
Ásia-Pacífico;Filipinas;299,632877;2009
Ásia-Pacífico;Índia;3300,357942;2009
Ásia-Pacífico;Indonésia;1320,837724;2009
Ásia-Pacífico;Japão;4389,699162;2009
Ásia-Pacífico;Malásia;678,571759;2009
Ásia-Pacífico;Nova Zelândia;147,59067;2009
Ásia-Pacífico;Paquistão;414,959063;2009
Ásia-Pacífico;Sri Lanka;87,223328;2009
Ásia-Pacífico;Tailândia;1075,06159;2009
Ásia-Pacífico;Taiwan;1021,643653;2009
Ásia-Pacífico;Vietnã;305,256086;2009
Ásia-Pacífico;Outros;267,638896;2009
América do Norte;Canadá;2358,319907;2010
América do Norte;Estados Unidos;19180,12877;2010
América do Norte;México;2039,738801;2010
Américas Central e do Sul;Argentina;593,686424;2010
Américas Central e do Sul;Brasil;2713,544195;2010
Américas Central e do Sul;Chile;342,6395;2010
Américas Central e do Sul;Colômbia;256,44063;2010
Américas Central e do Sul;Equador;220,419874;2010
Américas Central e do Sul;Peru;190,803973;2010
Américas Central e do Sul;Trinidad e Tobago;45,034342;2010
Américas Central e do Sul;Venezuela;725,418466;2010
Américas Central e do Sul;Outros;1246,62313;2010
Europa e Eurásia;Alemanha;2441,109096;2010
Europa e Eurásia;Áustria;274,986349;2010
Europa e Eurásia;Azerbaijão;72,19834;2010
Europa e Eurásia;Bélgica;705,723078;2010
Europa e Eurásia;Bielorrússia;149,883644;2010
Europa e Eurásia;Bulgária;86,029869;2010
Europa e Eurásia;Cazaquistão;210,535891;2010
Europa e Eurásia;Chipre;55,785534;2010
Europa e Eurásia;Croácia;76,337937;2010
Europa e Eurásia;Dinamarca;171,263472;2010
Europa e Eurásia;Eslováquia;81,668082;2010
Europa e Eurásia;Eslovênia;55,433928;2010
Europa e Eurásia;Espanha;1446,934076;2010
Europa e Eurásia;Estônia;27,904161;2010
Europa e Eurásia;Finlândia ;223,029774;2010
Europa e Eurásia;França;1762,825222;2010
Europa e Eurásia;Grécia ;382,481977;2010
Europa e Eurásia;Holanda;964,064936;2010
Europa e Eurásia;Hungria;146,140301;2010
Europa e Eurásia;Islândia;14,553342;2010
Europa e Eurásia;Irlanda;158,435233;2010
Europa e Eurásia;Itália;1532,217375;2010
Europa e Eurásia;Letônia;36,420308;2010
Europa e Eurásia;Lituânia;55,015436;2010
Europa e Eurásia;Luxemburgo;59,93023;2010
Europa e Eurásia;Macedônia;18,947968;2010
Europa e Eurásia;Noruega;229,218021;2010
Europa e Eurásia;Polônia;594,007185;2010
Europa e Eurásia;Portugal;272,041795;2010
Europa e Eurásia;Reino Unido;1652,252794;2010
Europa e Eurásia;República Tcheca;194,650055;2010
Europa e Eurásia;Romênia;184,021479;2010
Europa e Eurásia;Rússia;2877,820781;2010
Europa e Eurásia;Suécia;327,565863;2010
Europa e Eurásia;Suíça;241,716518;2010
Europa e Eurásia;Turcomenistão;117,922055;2010
Europa e Eurásia;Turquia;693,644082;2010
Europa e Eurásia;Ucrânia;267,206405;2010
Europa e Eurásia;Uzbequistão;75,627041;2010
Europa e Eurásia;Outros;381,247318;2010
Oriente Médio;Arábia Saudita;3205,641413;2010
Oriente Médio;Catar;190,576353;2010
Oriente Médio;Coveite;469,896606;2010
Oriente Médio;Emirados Árabes Unidos;653,988438;2010
Oriente Médio;Irã;1787,99474;2010
Oriente Médio;Iraque;570,064192;2010
Oriente Médio;Israel;240,620459;2010
Oriente Médio;Omã;135,452438;2010
Oriente Médio;Outros;719,531338;2010
África;África do Sul;538,388053;2010
África;África Central;195,571878;2010
África;África Ocidental;538,992188;2010
África;África Oriental;419,370309;2010
África;Argélia;326,947945;2010
África;Egito;765,814041;2010
África;Marrocos;258,092805;2010
África;Outros Norte da África;390,761247;2010
África;Outros Sul da África;47,485117;2010
Ásia-Pacífico;Austrália;953,828583;2010
Ásia-Pacífico;Bangladesh;80,637854;2010
Ásia-Pacífico;China;9445,542192;2010
Ásia-Pacífico;Cingapura;1156,736274;2010
Ásia-Pacífico;Coreia do Sul;2377,915905;2010
Ásia-Pacífico;Hong Kong;359,063186;2010
Ásia-Pacífico;Filipinas;312,613699;2010
Ásia-Pacífico;Índia;3380,966527;2010
Ásia-Pacífico;Indonésia;1415,186999;2010
Ásia-Pacífico;Japão;4441,851701;2010
Ásia-Pacífico;Malásia;688,039387;2010
Ásia-Pacífico;Nova Zelândia;150,487165;2010
Ásia-Pacífico;Paquistão;411,203075;2010
Ásia-Pacífico;Sri Lanka;87,025492;2010
Ásia-Pacífico;Tailândia;1121,276758;2010
Ásia-Pacífico;Taiwan;1043,414895;2010
Ásia-Pacífico;Vietnã;332,291616;2010
Ásia-Pacífico;Outros;284,737636;2010
América do Norte;Canadá;2436,26798;2011
América do Norte;Estados Unidos;18882,07397;2011
América do Norte;México;2065,143677;2011
Américas Central e do Sul;Argentina;608,77929;2011
Américas Central e do Sul;Brasil;2831,920379;2011
Américas Central e do Sul;Chile;371,009921;2011
Américas Central e do Sul;Colômbia;275,021342;2011
Américas Central e do Sul;Equador;226,117096;2011
Américas Central e do Sul;Peru;219,748904;2011
Américas Central e do Sul;Trinidad e Tobago;42,227167;2011
Américas Central e do Sul;Venezuela;737,20211;2011
Américas Central e do Sul;Outros;1267,002171;2011
Europa e Eurásia;Alemanha;2364,823397;2011
Europa e Eurásia;Áustria;258,81374;2011
Europa e Eurásia;Azerbaijão;88,599137;2011
Europa e Eurásia;Bélgica;662,321718;2011
Europa e Eurásia;Bielorrússia;172,514219;2011
Europa e Eurásia;Bulgária;81,905024;2011
Europa e Eurásia;Cazaquistão;242,698047;2011
Europa e Eurásia;Chipre;54,973863;2011
Europa e Eurásia;Croácia;72,563055;2011
Europa e Eurásia;Dinamarca;168,331998;2011
Europa e Eurásia;Eslováquia;80,681479;2011
Europa e Eurásia;Eslovênia;54,978039;2011
Europa e Eurásia;Espanha;1383,356337;2011
Europa e Eurásia;Estônia;27,038588;2011
Europa e Eurásia;Finlândia ;213,337982;2011
Europa e Eurásia;França;1725,056888;2011
Europa e Eurásia;Grécia ;361,545332;2011
Europa e Eurásia;Holanda;970,787535;2011
Europa e Eurásia;Hungria;155,114058;2011
Europa e Eurásia;Islândia;14,336082;2011
Europa e Eurásia;Irlanda;146,309762;2011
Europa e Eurásia;Itália;1475,469048;2011
Europa e Eurásia;Letônia;33,56388;2011
Europa e Eurásia;Lituânia;53,292562;2011
Europa e Eurásia;Luxemburgo;61,292707;2011
Europa e Eurásia;Macedônia;19,556172;2011
Europa e Eurásia;Noruega;226,712609;2011
Europa e Eurásia;Polônia;591,662061;2011
Europa e Eurásia;Portugal;255,897293;2011
Europa e Eurásia;Reino Unido;1600,453337;2011
Europa e Eurásia;República Tcheca;201,181782;2011
Europa e Eurásia;Romênia;190,765479;2011
Europa e Eurásia;Rússia;3073,755173;2011
Europa e Eurásia;Suécia;309,483566;2011
Europa e Eurásia;Suíça;234,500136;2011
Europa e Eurásia;Turcomenistão;124,633836;2011
Europa e Eurásia;Turquia;672,766521;2011
Europa e Eurásia;Ucrânia;278,078151;2011
Europa e Eurásia;Uzbequistão;70,962219;2011
Europa e Eurásia;Outros;384,847045;2011
Oriente Médio;Arábia Saudita;3294,622038;2011
Oriente Médio;Catar;245,718467;2011
Oriente Médio;Coveite;444,387695;2011
Oriente Médio;Emirados Árabes Unidos;734,66603;2011
Oriente Médio;Irã;1850,873226;2011
Oriente Médio;Iraque;629,223461;2011
Oriente Médio;Israel;254,339757;2011
Oriente Médio;Omã;146,122575;2011
Oriente Médio;Outros;701,011346;2011
África;África do Sul;541,615261;2011
África;África Central;215,758575;2011
África;África Ocidental;539,802393;2011
África;África Oriental;444,80915;2011
África;Argélia;349,471781;2011
África;Egito;720,198818;2011
África;Marrocos;274,595871;2011
África;Outros Norte da África;262,469529;2011
África;Outros Sul da África;49,016556;2011
Ásia-Pacífico;Austrália;1000,734529;2011
Ásia-Pacífico;Bangladesh;103,681151;2011
Ásia-Pacífico;China;9807,866391;2011
Ásia-Pacífico;Cingapura;1208,10066;2011
Ásia-Pacífico;Coreia do Sul;2401,445154;2011
Ásia-Pacífico;Hong Kong;360,847862;2011
Ásia-Pacífico;Filipinas;297,99726;2011
Ásia-Pacífico;Índia;3549,747738;2011
Ásia-Pacífico;Indonésia;1590,017159;2011
Ásia-Pacífico;Japão;4441,860634;2011
Ásia-Pacífico;Malásia;724,098484;2011
Ásia-Pacífico;Nova Zelândia;149,91132;2011
Ásia-Pacífico;Paquistão;414,273997;2011
Ásia-Pacífico;Sri Lanka;91,688604;2011
Ásia-Pacífico;Tailândia;1184,364853;2011
Ásia-Pacífico;Taiwan;950,447111;2011
Ásia-Pacífico;Vietnã;361,382301;2011
Ásia-Pacífico;Outros;303,974844;2011
América do Norte;Canadá;2375,662996;2012
América do Norte;Estados Unidos;18490,21585;2012
América do Norte;México;2082,999487;2012
Américas Central e do Sul;Argentina;635,630733;2012
Américas Central e do Sul;Brasil;2884,242262;2012
Américas Central e do Sul;Chile;375,604931;2012
Américas Central e do Sul;Colômbia;295,140301;2012
Américas Central e do Sul;Equador;232,975579;2012
Américas Central e do Sul;Peru;215,440574;2012
Américas Central e do Sul;Trinidad e Tobago;39,984041;2012
Américas Central e do Sul;Venezuela;792,131803;2012
Américas Central e do Sul;Outros;1243,952469;2012
Europa e Eurásia;Alemanha;2351,645328;2012
Europa e Eurásia;Áustria;257,704906;2012
Europa e Eurásia;Azerbaijão;92,054489;2012
Europa e Eurásia;Bélgica;645,265268;2012
Europa e Eurásia;Bielorrússia;211,051175;2012
Europa e Eurásia;Bulgária;86,554472;2012
Europa e Eurásia;Cazaquistão;245,049185;2012
Europa e Eurásia;Chipre;51,408634;2012
Europa e Eurásia;Croácia;65,626437;2012
Europa e Eurásia;Dinamarca;158,468538;2012
Europa e Eurásia;Eslováquia;74,056175;2012
Europa e Eurásia;Eslovênia;54,008363;2012
Europa e Eurásia;Espanha;1299,549216;2012
Europa e Eurásia;Estônia;31,546572;2012
Europa e Eurásia;Finlândia ;204,713299;2012
Europa e Eurásia;França;1673,399516;2012
Europa e Eurásia;Grécia ;321,147532;2012
Europa e Eurásia;Holanda;925,1756;2012
Europa e Eurásia;Hungria;142,806277;2012
Europa e Eurásia;Islândia;14,142022;2012
Europa e Eurásia;Irlanda;138,399147;2012
Europa e Eurásia;Itália;1384,11194;2012
Europa e Eurásia;Letônia;33,434436;2012
Europa e Eurásia;Lituânia;54,520689;2012
Europa e Eurásia;Luxemburgo;58,978816;2012
Europa e Eurásia;Macedônia;18,811541;2012
Europa e Eurásia;Noruega;226,163493;2012
Europa e Eurásia;Polônia;571,016781;2012
Europa e Eurásia;Portugal;231,208267;2012
Europa e Eurásia;Reino Unido;1546,01789;2012
Europa e Eurásia;República Tcheca;198,249464;2012
Europa e Eurásia;Romênia;190,871366;2012
Europa e Eurásia;Rússia;3119,340666;2012
Europa e Eurásia;Suécia;308,613681;2012
Europa e Eurásia;Suíça;238,003385;2012
Europa e Eurásia;Turcomenistão;129,389208;2012
Europa e Eurásia;Turquia;703,598525;2012
Europa e Eurásia;Ucrânia;267,411322;2012
Europa e Eurásia;Uzbequistão;63,489454;2012
Europa e Eurásia;Outros;374,325398;2012
Oriente Médio;Arábia Saudita;3459,874229;2012
Oriente Médio;Catar;257,296822;2012
Oriente Médio;Coveite;490,472156;2012
Oriente Médio;Emirados Árabes Unidos;773,282662;2012
Oriente Médio;Irã;1882,371131;2012
Oriente Médio;Iraque;665,760972;2012
Oriente Médio;Israel;294,857323;2012
Oriente Médio;Omã;157,328634;2012
Oriente Médio;Outros;650,07528;2012
África;África do Sul;551,913162;2012
África;África Central;223,748638;2012
África;África Ocidental;566,85827;2012
África;África Oriental;456,792993;2012
África;Argélia;369,840738;2012
África;Egito;746,942737;2012
África;Marrocos;276,828377;2012
África;Outros Norte da África;330,463602;2012
África;Outros Sul da África;50,350598;2012
Ásia-Pacífico;Austrália;1024,931193;2012
Ásia-Pacífico;Bangladesh;109,765858;2012
Ásia-Pacífico;China;10242,26314;2012
Ásia-Pacífico;Cingapura;1202,191609;2012
Ásia-Pacífico;Coreia do Sul;2466,045043;2012
Ásia-Pacífico;Hong Kong;344,298318;2012
Ásia-Pacífico;Filipinas;308,983607;2012
Ásia-Pacífico;Índia;3747,407508;2012
Ásia-Pacífico;Indonésia;1646,108985;2012
Ásia-Pacífico;Japão;4701,648632;2012
Ásia-Pacífico;Malásia;757,350634;2012
Ásia-Pacífico;Nova Zelândia;148,436365;2012
Ásia-Pacífico;Paquistão;402,288124;2012
Ásia-Pacífico;Sri Lanka;95,387685;2012
Ásia-Pacífico;Tailândia;1250,04089;2012
Ásia-Pacífico;Taiwan;949,606087;2012
Ásia-Pacífico;Vietnã;368,013553;2012
Ásia-Pacífico;Outros;329,302361;2012
América do Norte;Canadá;2397,618265;2013
América do Norte;Estados Unidos;18961,12603;2013
América do Norte;México;2034,163494;2013
Américas Central e do Sul;Argentina;682,954995;2013
Américas Central e do Sul;Brasil;3099,794985;2013
Américas Central e do Sul;Chile;362,476155;2013
Américas Central e do Sul;Colômbia;297,425096;2013
Américas Central e do Sul;Equador;247,418986;2013
Américas Central e do Sul;Peru;228,20589;2013
Américas Central e do Sul;Trinidad e Tobago;44,839203;2013
Américas Central e do Sul;Venezuela;782,455302;2013
Américas Central e do Sul;Outros;1218,652014;2013
Europa e Eurásia;Alemanha;2404,333288;2013
Europa e Eurásia;Áustria;262,262782;2013
Europa e Eurásia;Azerbaijão;100,753364;2013
Europa e Eurásia;Bélgica;665,094869;2013
Europa e Eurásia;Bielorrússia;143,774466;2013
Europa e Eurásia;Bulgária;81,360004;2013
Europa e Eurásia;Cazaquistão;260,446825;2013
Europa e Eurásia;Chipre;46,007452;2013
Europa e Eurásia;Croácia;63,75263;2013
Europa e Eurásia;Dinamarca;158,013795;2013
Europa e Eurásia;Eslováquia;74,809342;2013
Europa e Eurásia;Eslovênia;51,383471;2013
Europa e Eurásia;Espanha;1202,641719;2013
Europa e Eurásia;Estônia;30,969955;2013
Europa e Eurásia;Finlândia ;220,494315;2013
Europa e Eurásia;França;1661,440933;2013
Europa e Eurásia;Grécia ;303,287669;2013
Europa e Eurásia;Holanda;897,856787;2013
Europa e Eurásia;Hungria;141,945292;2013
Europa e Eurásia;Islândia;14,858438;2013
Europa e Eurásia;Irlanda;140,653615;2013
Europa e Eurásia;Itália;1274,072555;2013
Europa e Eurásia;Letônia;33,927513;2013
Europa e Eurásia;Lituânia;53,175148;2013
Europa e Eurásia;Luxemburgo;58,280398;2013
Europa e Eurásia;Macedônia;18,605872;2013
Europa e Eurásia;Noruega;229,557145;2013
Europa e Eurásia;Polônia;538,09187;2013
Europa e Eurásia;Portugal;241,385429;2013
Europa e Eurásia;Reino Unido;1532,146314;2013
Europa e Eurásia;República Tcheca;190,303084;2013
Europa e Eurásia;Romênia;173,855699;2013
Europa e Eurásia;Rússia;3133,730818;2013
Europa e Eurásia;Suécia;305,684012;2013
Europa e Eurásia;Suíça;249,110404;2013
Europa e Eurásia;Turcomenistão;137,370137;2013
Europa e Eurásia;Turquia;756,966027;2013
Europa e Eurásia;Ucrânia;257,180099;2013
Europa e Eurásia;Uzbequistão;60,100192;2013
Europa e Eurásia;Outros;375,918941;2013
Oriente Médio;Arábia Saudita;3451,480439;2013
Oriente Médio;Catar;287,320074;2013
Oriente Médio;Coveite;508,173417;2013
Oriente Médio;Emirados Árabes Unidos;852,149978;2013
Oriente Médio;Irã;2063,857343;2013
Oriente Médio;Iraque;716,04074;2013
Oriente Médio;Israel;222,616582;2013
Oriente Médio;Omã;178,246575;2013
Oriente Médio;Outros;629,652043;2013
África;África do Sul;560,525317;2013
África;África Central;245,69188;2013
África;África Ocidental;589,131502;2013
África;África Oriental;483,529141;2013
África;Argélia;387,405781;2013
África;Egito;755,861643;2013
África;Marrocos;281,793258;2013
África;Outros Norte da África;347,220952;2013
África;Outros Sul da África;53,48534;2013
Ásia-Pacífico;Austrália;1034,105835;2013
Ásia-Pacífico;Bangladesh;107,658323;2013
Ásia-Pacífico;China;10749,54969;2013
Ásia-Pacífico;Cingapura;1225,099256;2013
Ásia-Pacífico;Coreia do Sul;2463,501938;2013
Ásia-Pacífico;Hong Kong;351,868819;2013
Ásia-Pacífico;Filipinas;326,443836;2013
Ásia-Pacífico;Índia;3789,42715;2013
Ásia-Pacífico;Indonésia;1676,638285;2013
Ásia-Pacífico;Japão;4516,018023;2013
Ásia-Pacífico;Malásia;802,096764;2013
Ásia-Pacífico;Nova Zelândia;150,888647;2013
Ásia-Pacífico;Paquistão;441,903593;2013
Ásia-Pacífico;Sri Lanka;82,033744;2013
Ásia-Pacífico;Tailândia;1298,605406;2013
Ásia-Pacífico;Taiwan;981,139126;2013
Ásia-Pacífico;Vietnã;397,680546;2013
Ásia-Pacífico;Outros;364,053718;2013
América do Norte;Canadá;2442,130239;2014
América do Norte;Estados Unidos;19105,6137;2014
América do Norte;México;1959,694886;2014
Américas Central e do Sul;Argentina;673,055229;2014
Américas Central e do Sul;Brasil;3210,230107;2014
Américas Central e do Sul;Chile;353,086368;2014
Américas Central e do Sul;Colômbia;316,114027;2014
Américas Central e do Sul;Equador;260,37183;2014
Américas Central e do Sul;Peru;224,928356;2014
Américas Central e do Sul;Trinidad e Tobago;41,472208;2014
Américas Central e do Sul;Venezuela;720,01313;2014
Américas Central e do Sul;Outros;1234,236968;2014
Europa e Eurásia;Alemanha;2343,90389;2014
Europa e Eurásia;Áustria;255,153178;2014
Europa e Eurásia;Azerbaijão;99,296959;2014
Europa e Eurásia;Bélgica;665,277553;2014
Europa e Eurásia;Bielorrússia;164,061507;2014
Europa e Eurásia;Bulgária;86,850907;2014
Europa e Eurásia;Cazaquistão;261,890357;2014
Europa e Eurásia;Chipre;45,686466;2014
Europa e Eurásia;Croácia;66,0528;2014
Europa e Eurásia;Dinamarca;158,97865;2014
Europa e Eurásia;Eslováquia;70,728247;2014
Europa e Eurásia;Eslovênia;50,358992;2014
Europa e Eurásia;Espanha;1199,081143;2014
Europa e Eurásia;Estônia;29,186564;2014
Europa e Eurásia;Finlândia ;214,354449;2014
Europa e Eurásia;França;1612,862493;2014
Europa e Eurásia;Grécia ;301,806162;2014
Europa e Eurásia;Holanda;865,852206;2014
Europa e Eurásia;Hungria;158,810788;2014
Europa e Eurásia;Islândia;15,548603;2014
Europa e Eurásia;Irlanda;140,242769;2014
Europa e Eurásia;Itália;1203,685402;2014
Europa e Eurásia;Letônia;34,249937;2014
Europa e Eurásia;Lituânia;52,505726;2014
Europa e Eurásia;Luxemburgo;56,620843;2014
Europa e Eurásia;Macedônia;18,556229;2014
Europa e Eurásia;Noruega;217,242292;2014
Europa e Eurásia;Polônia;538,38239;2014
Europa e Eurásia;Portugal;241,249182;2014
Europa e Eurásia;Reino Unido;1536,25873;2014
Europa e Eurásia;República Tcheca;202,059631;2014
Europa e Eurásia;Romênia;186,911671;2014
Europa e Eurásia;Rússia;3297,778302;2014
Europa e Eurásia;Suécia;303,943182;2014
Europa e Eurásia;Suíça;224,150883;2014
Europa e Eurásia;Turcomenistão;143,277945;2014
Europa e Eurásia;Turquia;774,616959;2014
Europa e Eurásia;Ucrânia;220,605659;2014
Europa e Eurásia;Uzbequistão;56,63474;2014
Europa e Eurásia;Outros;372,936338;2014
Oriente Médio;Arábia Saudita;3764,052566;2014
Oriente Médio;Catar;293,530845;2014
Oriente Médio;Coveite;445,762432;2014
Oriente Médio;Emirados Árabes Unidos;879,912072;2014
Oriente Médio;Irã;1959,007972;2014
Oriente Médio;Iraque;681,286785;2014
Oriente Médio;Israel;213,629763;2014
Oriente Médio;Omã;184,682466;2014
Oriente Médio;Outros;630,749539;2014
África;África do Sul;554,588432;2014
África;África Central;261,619207;2014
África;África Ocidental;555,306741;2014
África;África Oriental;507,299901;2014
África;Argélia;400,605945;2014
África;Egito;806,399657;2014
África;Marrocos;271,850137;2014
África;Outros Norte da África;357,426956;2014
África;Outros Sul da África;55,198289;2014
Ásia-Pacífico;Austrália;1046,632026;2014
Ásia-Pacífico;Bangladesh;120,398106;2014
Ásia-Pacífico;China;11239,36257;2014
Ásia-Pacífico;Cingapura;1268,259118;2014
Ásia-Pacífico;Coreia do Sul;2462,966883;2014
Ásia-Pacífico;Hong Kong;335,891828;2014
Ásia-Pacífico;Filipinas;346,775342;2014
Ásia-Pacífico;Índia;3913,857811;2014
Ásia-Pacífico;Indonésia;1708,054378;2014
Ásia-Pacífico;Japão;4302,784953;2014
Ásia-Pacífico;Malásia;795,838174;2014
Ásia-Pacífico;Nova Zelândia;153,877189;2014
Ásia-Pacífico;Paquistão;457,947382;2014
Ásia-Pacífico;Sri Lanka;70,594596;2014
Ásia-Pacífico;Tailândia;1309,371661;2014
Ásia-Pacífico;Taiwan;1012,640499;2014
Ásia-Pacífico;Vietnã;409,092138;2014
Ásia-Pacífico;Outros;388,457778;2014
América do Norte;Canadá;2401,252845;2015
América do Norte;Estados Unidos;19530,90959;2015
América do Norte;México;1939,288594;2015
Américas Central e do Sul;Argentina;695,78451;2015
Américas Central e do Sul;Brasil;3139,578694;2015
Américas Central e do Sul;Chile;355,473135;2015
Américas Central e do Sul;Colômbia;332,194831;2015
Américas Central e do Sul;Equador;254,21317;2015
Américas Central e do Sul;Peru;246,83;2015
Américas Central e do Sul;Trinidad e Tobago;45,650348;2015
Américas Central e do Sul;Venezuela;637,021139;2015
Américas Central e do Sul;Outros;1294,284406;2015
Europa e Eurásia;Alemanha;2336,129452;2015
Europa e Eurásia;Áustria;256,272219;2015
Europa e Eurásia;Azerbaijão;99,53091;2015
Europa e Eurásia;Bélgica;684,24976;2015
Europa e Eurásia;Bielorrússia;139,429973;2015
Europa e Eurásia;Bulgária;98,097103;2015
Europa e Eurásia;Cazaquistão;295,006964;2015
Europa e Eurásia;Chipre;46,678548;2015
Europa e Eurásia;Croácia;68,4364;2015
Europa e Eurásia;Dinamarca;160,876868;2015
Europa e Eurásia;Eslováquia;76,639288;2015
Europa e Eurásia;Eslovênia;49,464258;2015
Europa e Eurásia;Espanha;1242,583128;2015
Europa e Eurásia;Estônia;29,12371;2015
Europa e Eurásia;Finlândia ;212,399108;2015
Europa e Eurásia;França;1612,224102;2015
Europa e Eurásia;Grécia ;312,751172;2015
Europa e Eurásia;Holanda;834,290556;2015
Europa e Eurásia;Hungria;168,126214;2015
Europa e Eurásia;Islândia;17,263205;2015
Europa e Eurásia;Irlanda;146,255521;2015
Europa e Eurásia;Itália;1256,726888;2015
Europa e Eurásia;Letônia;35,917123;2015
Europa e Eurásia;Lituânia;57,013351;2015
Europa e Eurásia;Luxemburgo;56,013803;2015
Europa e Eurásia;Macedônia;19,937805;2015
Europa e Eurásia;Noruega;223,409267;2015
Europa e Eurásia;Polônia;559,065897;2015
Europa e Eurásia;Portugal;246,200901;2015
Europa e Eurásia;Reino Unido;1577,537964;2015
Europa e Eurásia;República Tcheca;195,980354;2015
Europa e Eurásia;Romênia;190,573781;2015
Europa e Eurásia;Rússia;3145,632685;2015
Europa e Eurásia;Suécia;302,084028;2015
Europa e Eurásia;Suíça;227,498302;2015
Europa e Eurásia;Turcomenistão;144,60137;2015
Europa e Eurásia;Turquia;911,962329;2015
Europa e Eurásia;Ucrânia;194,275327;2015
Europa e Eurásia;Uzbequistão;52,692877;2015
Europa e Eurásia;Outros;385,483407;2015
Oriente Médio;Arábia Saudita;3886,449308;2015
Oriente Médio;Catar;316,764929;2015
Oriente Médio;Coveite;461,459065;2015
Oriente Médio;Emirados Árabes Unidos;957,057691;2015
Oriente Médio;Irã;1804,381837;2015
Oriente Médio;Iraque;683,192652;2015
Oriente Médio;Israel;226,279122;2015
Oriente Médio;Omã;184,042192;2015
Oriente Médio;Outros;579,157375;2015
África;África do Sul;578,387062;2015
África;África Central;253,551234;2015
África;África Ocidental;562,64699;2015
África;África Oriental;559,427845;2015
África;Argélia;424,976137;2015
África;Egito;834,20155;2015
África;Marrocos;267,793749;2015
África;Outros Norte da África;317,877752;2015
África;Outros Sul da África;57,85051;2015
Ásia-Pacífico;Austrália;1004,770762;2015
Ásia-Pacífico;Bangladesh;127,479732;2015
Ásia-Pacífico;China;11985,85905;2015
Ásia-Pacífico;Cingapura;1338,004952;2015
Ásia-Pacífico;Coreia do Sul;2586,750632;2015
Ásia-Pacífico;Hong Kong;367,509868;2015
Ásia-Pacífico;Filipinas;396,883663;2015
Ásia-Pacífico;Índia;4244,546905;2015
Ásia-Pacífico;Indonésia;1570,502857;2015
Ásia-Pacífico;Japão;4150,623288;2015
Ásia-Pacífico;Malásia;789,571142;2015
Ásia-Pacífico;Nova Zelândia;159,915903;2015
Ásia-Pacífico;Paquistão;505,300648;2015
Ásia-Pacífico;Sri Lanka;89,562139;2015
Ásia-Pacífico;Tailândia;1360,007796;2015
Ásia-Pacífico;Taiwan;1021,235455;2015
Ásia-Pacífico;Vietnã;444,831722;2015
Ásia-Pacífico;Outros;407,800747;2015
América do Norte;Canadá;2448,268647;2016
América do Norte;Estados Unidos;19687,23224;2016
América do Norte;México;1950,178577;2016
Américas Central e do Sul;Argentina;686,338493;2016
Américas Central e do Sul;Brasil;2960,248598;2016
Américas Central e do Sul;Chile;377,022964;2016
Américas Central e do Sul;Colômbia;345,122486;2016
Américas Central e do Sul;Equador;239,758549;2016
Américas Central e do Sul;Peru;259,290362;2016
Américas Central e do Sul;Trinidad e Tobago;47,985883;2016
Américas Central e do Sul;Venezuela;536,982478;2016
Américas Central e do Sul;Outros;1339,506614;2016
Europa e Eurásia;Alemanha;2374,456393;2016
Europa e Eurásia;Áustria;260,703628;2016
Europa e Eurásia;Azerbaijão;97,850404;2016
Europa e Eurásia;Bélgica;693,804168;2016
Europa e Eurásia;Bielorrússia;136,759727;2016
Europa e Eurásia;Bulgária;99,182089;2016
Europa e Eurásia;Cazaquistão;305,322455;2016
Europa e Eurásia;Chipre;50,718844;2016
Europa e Eurásia;Croácia;68,232519;2016
Europa e Eurásia;Dinamarca;158,398472;2016
Europa e Eurásia;Eslováquia;79,021585;2016
Europa e Eurásia;Eslovênia;52,374086;2016
Europa e Eurásia;Espanha;1288,067893;2016
Europa e Eurásia;Estônia;28,66059;2016
Europa e Eurásia;Finlândia ;221,178379;2016
Europa e Eurásia;França;1596,677413;2016
Europa e Eurásia;Grécia ;314,152718;2016
Europa e Eurásia;Holanda;850,508844;2016
Europa e Eurásia;Hungria;165,683849;2016
Europa e Eurásia;Islândia;19,036967;2016
Europa e Eurásia;Irlanda;152,561403;2016
Europa e Eurásia;Itália;1265,716947;2016
Europa e Eurásia;Letônia;36,680714;2016
Europa e Eurásia;Lituânia;61,237883;2016
Europa e Eurásia;Luxemburgo;55,977614;2016
Europa e Eurásia;Macedônia;22,144548;2016
Europa e Eurásia;Noruega;217,396323;2016
Europa e Eurásia;Polônia;605,80353;2016
Europa e Eurásia;Portugal;240,20196;2016
Europa e Eurásia;Reino Unido;1623,12339;2016
Europa e Eurásia;República Tcheca;181,866326;2016
Europa e Eurásia;Romênia;201,824727;2016
Europa e Eurásia;Rússia;3216,510424;2016
Europa e Eurásia;Suécia;318,698558;2016
Europa e Eurásia;Suíça;215,580287;2016
Europa e Eurásia;Turcomenistão;142,891803;2016
Europa e Eurásia;Turquia;977,921776;2016
Europa e Eurásia;Ucrânia;205,025161;2016
Europa e Eurásia;Uzbequistão;48,620464;2016
Europa e Eurásia;Outros;415,173449;2016
Oriente Médio;Arábia Saudita;3874,679905;2016
Oriente Médio;Catar;341,304184;2016
Oriente Médio;Coveite;453,201671;2016
Oriente Médio;Emirados Árabes Unidos;1022,740836;2016
Oriente Médio;Irã;1749,172614;2016
Oriente Médio;Iraque;760,267486;2016
Oriente Médio;Israel;230,466238;2016
Oriente Médio;Omã;187,130437;2016
Oriente Médio;Outros;553,271817;2016
África;África do Sul;554,848547;2016
África;África Central;249,956719;2016
África;África Ocidental;605,18289;2016
África;África Oriental;572,885918;2016
África;Argélia;412,222842;2016
África;Egito;856,890352;2016
África;Marrocos;274,652923;2016
África;Outros Norte da África;290,892697;2016
África;Outros Sul da África;60,413843;2016
Ásia-Pacífico;Austrália;1038,393003;2016
Ásia-Pacífico;Bangladesh;137,114941;2016
Ásia-Pacífico;China;12303,70827;2016
Ásia-Pacífico;Cingapura;1385,374283;2016
Ásia-Pacífico;Coreia do Sul;2780,556068;2016
Ásia-Pacífico;Hong Kong;380,162101;2016
Ásia-Pacífico;Filipinas;427,048955;2016
Ásia-Pacífico;Índia;4654,006802;2016
Ásia-Pacífico;Indonésia;1628,448989;2016
Ásia-Pacífico;Japão;4019,046945;2016
Ásia-Pacífico;Malásia;806,988615;2016
Ásia-Pacífico;Nova Zelândia;163,005535;2016
Ásia-Pacífico;Paquistão;566,0165;2016
Ásia-Pacífico;Sri Lanka;105,17681;2016
Ásia-Pacífico;Tailândia;1395,597236;2016
Ásia-Pacífico;Taiwan;1046,137399;2016
Ásia-Pacífico;Vietnã;471,135785;2016
Ásia-Pacífico;Outros;435,554389;2016
América do Norte;Canadá;2447,995718;2017
América do Norte;Estados Unidos;19957,72329;2017
América do Norte;México;1883,227421;2017
Américas Central e do Sul;Argentina;684,182068;2017
Américas Central e do Sul;Brasil;3052,078388;2017
Américas Central e do Sul;Chile;368,851839;2017
Américas Central e do Sul;Colômbia;340,305567;2017
Américas Central e do Sul;Equador;237,150622;2017
Américas Central e do Sul;Peru;258,284993;2017
Américas Central e do Sul;Trinidad e Tobago;42,040991;2017
Américas Central e do Sul;Venezuela;463,027462;2017
Américas Central e do Sul;Outros;1352,302526;2017
Europa e Eurásia;Alemanha;2442,508888;2017
Europa e Eurásia;Áustria;265,375911;2017
Europa e Eurásia;Azerbaijão;99,403412;2017
Europa e Eurásia;Bélgica;695,99476;2017
Europa e Eurásia;Bielorrússia;134,798934;2017
Europa e Eurásia;Bulgária;103,161911;2017
Europa e Eurásia;Cazaquistão;317,151069;2017
Europa e Eurásia;Chipre;52,526358;2017
Europa e Eurásia;Croácia;72,914296;2017
Europa e Eurásia;Dinamarca;158,470481;2017
Europa e Eurásia;Eslováquia;89,027041;2017
Europa e Eurásia;Eslovênia;52,245136;2017
Europa e Eurásia;Espanha;1300,510502;2017
Europa e Eurásia;Estônia;29,895053;2017
Europa e Eurásia;Finlândia ;216,9377;2017
Europa e Eurásia;França;1607,706355;2017
Europa e Eurásia;Grécia ;323,692266;2017
Europa e Eurásia;Holanda;828,587768;2017
Europa e Eurásia;Hungria;176,54933;2017
Europa e Eurásia;Islândia;20,328712;2017
Europa e Eurásia;Irlanda;153,747504;2017
Europa e Eurásia;Itália;1279,047905;2017
Europa e Eurásia;Letônia;37,416626;2017
Europa e Eurásia;Lituânia;63,811611;2017
Europa e Eurásia;Luxemburgo;59,175636;2017
Europa e Eurásia;Macedônia;21,381152;2017
Europa e Eurásia;Noruega;223,005391;2017
Europa e Eurásia;Polônia;662,267945;2017
Europa e Eurásia;Portugal;245,917285;2017
Europa e Eurásia;Reino Unido;1637,036851;2017
Europa e Eurásia;República Tcheca;217,258392;2017
Europa e Eurásia;Romênia;212,811479;2017
Europa e Eurásia;Rússia;3206,784505;2017
Europa e Eurásia;Suécia;320,597155;2017
Europa e Eurásia;Suíça;222,078506;2017
Europa e Eurásia;Turcomenistão;146,501143;2017
Europa e Eurásia;Turquia;1013,281276;2017
Europa e Eurásia;Ucrânia;206,518665;2017
Europa e Eurásia;Uzbequistão;54,569301;2017
Europa e Eurásia;Outros;412,450838;2017
Oriente Médio;Arábia Saudita;3837,90551;2017
Oriente Médio;Catar;319,982259;2017
Oriente Médio;Coveite;454,800055;2017
Oriente Médio;Emirados Árabes Unidos;964,371486;2017
Oriente Médio;Irã;1842,709289;2017
Oriente Médio;Iraque;731,784823;2017
Oriente Médio;Israel;247,072175;2017
Oriente Médio;Omã;192,682119;2017
Oriente Médio;Outros;546,59177;2017
África;África do Sul;556,45499;2017
África;África Central;250,890432;2017
África;África Ocidental;676,846084;2017
África;África Oriental;604,39067;2017
África;Argélia;407,549123;2017
África;Egito;806,153999;2017
África;Marrocos;290,327042;2017
África;Outros Norte da África;308,595665;2017
África;Outros Sul da África;60,722931;2017
Ásia-Pacífico;Austrália;1054,621893;2017
Ásia-Pacífico;Bangladesh;153,066562;2017
Ásia-Pacífico;China;12840,34595;2017
Ásia-Pacífico;Cingapura;1419,059913;2017
Ásia-Pacífico;Coreia do Sul;2810,708707;2017
Ásia-Pacífico;Hong Kong;427,434336;2017
Ásia-Pacífico;Filipinas;459,034949;2017
Ásia-Pacífico;Índia;4869,762688;2017
Ásia-Pacífico;Indonésia;1696,28343;2017
Ásia-Pacífico;Japão;3975,373303;2017
Ásia-Pacífico;Malásia;792,928502;2017
Ásia-Pacífico;Nova Zelândia;174,981459;2017
Ásia-Pacífico;Paquistão;588,615974;2017
Ásia-Pacífico;Sri Lanka;113,362839;2017
Ásia-Pacífico;Tailândia;1444,150175;2017
Ásia-Pacífico;Taiwan;1069,111938;2017
Ásia-Pacífico;Vietnã;497,573732;2017
Ásia-Pacífico;Outros;448,680227;2017
América do Norte;Canadá;2447,133428;2018
América do Norte;Estados Unidos;20455,66804;2018
América do Norte;México;1811,535097;2018
Américas Central e do Sul;Argentina;647,656445;2018
Américas Central e do Sul;Brasil;3080,818974;2018
Américas Central e do Sul;Chile;378,766745;2018
Américas Central e do Sul;Colômbia;342,335406;2018
Américas Central e do Sul;Equador;255,288666;2018
Américas Central e do Sul;Peru;267,078464;2018
Américas Central e do Sul;Trinidad e Tobago;41,526713;2018
Américas Central e do Sul;Venezuela;409,081536;2018
Américas Central e do Sul;Outros;1372,898498;2018
Europa e Eurásia;Alemanha;2321,33419;2018
Europa e Eurásia;Áustria;271,920549;2018
Europa e Eurásia;Azerbaijão;98,408019;2018
Europa e Eurásia;Bélgica;702,747257;2018
Europa e Eurásia;Bielorrússia;136,172572;2018
Europa e Eurásia;Bulgária;103,912033;2018
Europa e Eurásia;Cazaquistão;356,539628;2018
Europa e Eurásia;Chipre;51,813429;2018
Europa e Eurásia;Croácia;74,115466;2018
Europa e Eurásia;Dinamarca;159,113528;2018
Europa e Eurásia;Eslováquia;85,28201;2018
Europa e Eurásia;Eslovênia;54,137819;2018
Europa e Eurásia;Espanha;1335,313287;2018
Europa e Eurásia;Estônia;30,04321;2018
Europa e Eurásia;Finlândia ;229,390088;2018
Europa e Eurásia;França;1606,758036;2018
Europa e Eurásia;Grécia ;322,765474;2018
Europa e Eurásia;Holanda;860,330621;2018
Europa e Eurásia;Hungria;188,092438;2018
Europa e Eurásia;Islândia;20,532847;2018
Europa e Eurásia;Irlanda;159,286595;2018
Europa e Eurásia;Itália;1252,842768;2018
Europa e Eurásia;Letônia;33,825153;2018
Europa e Eurásia;Lituânia;64,403397;2018
Europa e Eurásia;Luxemburgo;62,532384;2018
Europa e Eurásia;Macedônia;20,982982;2018
Europa e Eurásia;Noruega;234,39206;2018
Europa e Eurásia;Polônia;684,589684;2018
Europa e Eurásia;Portugal;236,126276;2018
Europa e Eurásia;Reino Unido;1618,156785;2018
Europa e Eurásia;República Tcheca;222,145149;2018
Europa e Eurásia;Romênia;210,699653;2018
Europa e Eurásia;Rússia;3228,3751;2018
Europa e Eurásia;Suécia;308,349354;2018
Europa e Eurásia;Suíça;215,039118;2018
Europa e Eurásia;Turcomenistão;151,230989;2018
Europa e Eurásia;Turquia;1002,884523;2018
Europa e Eurásia;Ucrânia;200,368983;2018
Europa e Eurásia;Uzbequistão;52,364376;2018
Europa e Eurásia;Outros;407,208432;2018
Oriente Médio;Arábia Saudita;3723,971538;2018
Oriente Médio;Catar;328,458361;2018
Oriente Médio;Coveite;450,724561;2018
Oriente Médio;Emirados Árabes Unidos;991,494194;2018
Oriente Médio;Irã;1879,093984;2018
Oriente Médio;Iraque;776,769073;2018
Oriente Médio;Israel;242,474323;2018
Oriente Médio;Omã;192,192754;2018
Oriente Médio;Outros;550,704285;2018
África;África do Sul;533,410658;2018
África;África Central;257,227251;2018
África;África Ocidental;703,046468;2018
África;África Oriental;623,072448;2018
África;Argélia;413,883562;2018
África;Egito;760,024513;2018
África;Marrocos;285,635138;2018
África;Outros Norte da África;321,429536;2018
África;Outros Sul da África;61,701435;2018
Ásia-Pacífico;Austrália;1093,639013;2018
Ásia-Pacífico;Bangladesh;175,694117;2018
Ásia-Pacífico;China;13524,97697;2018
Ásia-Pacífico;Cingapura;1448,791504;2018
Ásia-Pacífico;Coreia do Sul;2792,659356;2018
Ásia-Pacífico;Hong Kong;434,20958;2018
Ásia-Pacífico;Filipinas;465,965322;2018
Ásia-Pacífico;Índia;5155,747447;2018
Ásia-Pacífico;Indonésia;1785,142923;2018
Ásia-Pacífico;Japão;3853,561947;2018
Ásia-Pacífico;Malásia;813,79367;2018
Ásia-Pacífico;Nova Zelândia;172,932683;2018
Ásia-Pacífico;Paquistão;498,196873;2018
Ásia-Pacífico;Sri Lanka;111,940422;2018
Ásia-Pacífico;Tailândia;1477,826061;2018
Ásia-Pacífico;Taiwan;1074,720099;2018
Ásia-Pacífico;Vietnã;522,020009;2018
Ásia-Pacífico;Outros;461,453774;2018
